{"train/loss": 0.022883858531713486, "epoch": 74, "trainer/global_step": 3199, "_timestamp": 1730603338.5269778, "_runtime": 1446.3468997478485, "_step": 3014, "val/diffuser_plot": {"_type": "plotly-file", "sha256": "54f4f554da551e2882b865f81e3489d469f3bd538333927d8f5213e2ea51dc69", "size": 531957, "path": "media/plotly/val/diffuser_plot_2801_54f4f554da551e2882b8.plotly.json"}, "val_wta/cosine_distribution_plot": {"_type": "plotly-file", "sha256": "e7ce7eab5d0273ae5297058c11fcb48a5a37a143c215b91c94bc079cbd1a7032", "size": 11202, "path": "media/plotly/val_wta/cosine_distribution_plot_2801_e7ce7eab5d0273ae5297.plotly.json"}, "global_step": 3010, "unseen/flow_loss": 0.5703786015510559, "unseen/rmse": 0.8048107028007507, "unseen/cosine_similarity": 0.18544144928455353, "unseen/mag_error": 0.2789234519004822, "unseen_wta/flow_loss": 0.21940955519676208, "unseen_wta/rmse": 0.38391396403312683, "unseen_wta/cosine_similarity": 0.8607445955276489, "unseen_wta/mag_error": 0.27777713537216187, "unseen_wta/multimodal": 0.3333333432674408, "unseen_wta/pos@0.7": 0.2750000059604645, "unseen_wta/neg@0.7": 0.03333333507180214, "val/flow_loss": 0.6023781299591064, "val/rmse": 0.8232617974281311, "val/cosine_similarity": 0.18082590401172638, "val/mag_error": 0.2813872992992401, "val_wta/flow_loss": 0.22692400217056274, "val_wta/rmse": 0.3781292140483856, "val_wta/cosine_similarity": 0.8889106512069702, "val_wta/mag_error": 0.27573105692863464, "val_wta/multimodal": 0.3333333432674408, "val_wta/pos@0.7": 0.32499998807907104, "val_wta/neg@0.7": 0.02500000037252903, "_wandb": {"runtime": 1463}}